"country";"iso3";"region";"year";"key";"pop_pop_million";"pop_density";"pop_sex_ratio";"pop_growth";"export_dolar";"import_dolar";"gpd_dolar";"gpd_perc";"co2_eq_WDI";"FDI_WDI";"co2percapita";"co2pergpd";"ndc_imp_st_y";"ndc_imp_end_y";"annex_country_type";"kyoto_status";"kyoto_signature_year";"kyoto_ratification_year";"paris_ag_status";"paris_ag_signature_date";"paris_ag_ratification_year";"indc_submission_year";"ndc_1_submission";"ndc_2_submission";"ndc_mitigation_type";"mitigation_target_unconditional";"mitigation_target_conditional";"mitigation_add_note";"ndc_bl_y";"ndc_tg_y";"ndc_type_cove";"ndc_financial_sup"
"1";"Albania";"ALB";"Eastern Europe & Central Asia";2019;"ALB-2019";2,873883;104,894;100,243;-0,122;4,821430704;6,926961752;15,401830754;2,523893723;9,19636286;1201022154,46643;1,75324402513951;0,327144108981422;2021;2030;"Non-Annex I";"ratificado";NA;2005;"assinado e ratificado";2016;2016;2015;2021;NA;"Relative emission reduction";"0.20899999999999999";NA;"n.a.";"BAU";"2030";"Sectoral";NA
"2";"Argentina";"ARG";"Latin America & the Caribbean";2019;"ARG-2019";44,74552;16,027;98,058;0,728;80,259469134;65,845613751;447,755;-2,969562499;374,523504;6649187837,98606;4,0936455354612;0,409090458353095;2021;2030;"Non-Annex I";"assinado e ratificado";1998;2001;"assinado e ratificado";2016;2016;2015;2016;2021;"Absolute emission reduction";"349 MtCO2e";NA;"net emission";NA;"2030";"Economy-wide";NA
"3";"Armenia";"ARM";"Eastern Europe & Central Asia";2019;"ARM-2019";2,820602;99,094;82,465;-0,575;5,631686118;7,458380573;13,619291361;8,2086495;9,87486109;100287214,397978;2,21882610489654;0,459526504223629;2021;2030;"Non-Annex I";"ratificado";NA;2003;"assinado e ratificado";2016;2017;2015;2021;NA;"Absolute emission reduction";"0.4";NA;"n.a.";"1990";"2030";"Economy-wide";NA
"4";"Antigua and Barbuda";"ATG";"Latin America & the Caribbean";2019;"ATG-2019";0,092117;209,356;91,29;0,566;1,196203185;1,156389815;1,687533333;4,303301789;1,211480385;128250994,604727;9,19065950635626;0,501688449757585;2021;2030;"Non-Annex I";"assinado e ratificado";1998;1998;"assinado e ratificado";2016;2016;2015;2021;NA;"Policies and actions";NA;NA;"86% renewable energy, 100% electrical veichules by 2030 (new)";NA;"2030";"Economy-wide";"1.7"
"5";"Australia";"AUS";"Oceania";2019;"AUS-2019";25,35717;3,301;98,44;1,475;336,244;301,768;1392,23;0,665151145;613,6047013;38959497519,9391;16,0412198156135;0,292164324768092;2021;2050;"Annex I and II";"assinado e ratificado";1998;2007;"assinado e ratificado";2016;2016;2015;2022;NA;"Absolute emission reduction";"0.43";NA;"net-zero by 2050";"2005";"2030";"Economy-wide";NA
"6";"Austria";"AUT";"Europe";2019;"AUT-2019";8,87994;107,611;96,808;0,477;247,908;231,776;444,621;1,066969706;76,62288544;-12394032432,5489;7,87797641603186;0,157338402585074;2021;2030;"Annex I and II";"assinado e ratificado";1998;2002;"assinado e ratificado";2016;2016;2015;2020;NA;"Absolute emission reduction";NA;NA;"At least 55%";"1990";"2030";"Economy-wide";NA
"7";"Azerbaijan";"AZE";"Eastern Europe & Central Asia";2019;"AZE-2019";10,232753;123,796;97,48;0,797;23,629764706;17,712470588;48,174235294;1,635850481;56,5368442;1503918000;3,56285888428696;0,756791565330872;NA;2030;"Non-Annex I";"ratificado";NA;2000;"assinado e ratificado";2016;2017;2015;2017;NA;"Absolute emission reduction";"0.35";NA;"n.a.";"1990";"2030";"Economy-wide";NA
"8";"Burundi";"BDI";"Sub-Saharan Africa";2019;"BDI-2019";11,874838;457,605;98,557;3,016;0,1332585853;0,6146071857;2,576518846;-1,457193034;4,215238066;1044957,4151;0,0628113966196583;0,28948950269475;2021;2030;"Non-Annex I";"ratificado";NA;2001;"assinado e ratificado";2016;2018;2015;2021;NA;"Relative emission reduction";"3.04E-2";"0.12609999999999999";"n.a.";"BAU";"2030";"Economy-wide";NA
"9";"Belgium";"BEL";"Europe";2019;"BEL-2019";11,510568;380,163;97,346;0,534;441,538;438,172;535,831;1,689776474;108,0863373;-21379939833,4956;8,71324238461994;0,187175376132867;2021;2030;"Annex I and II";"assinado e ratificado";1998;2002;"assinado e ratificado";2016;2017;2015;2020;NA;"Absolute emission reduction";NA;NA;"At least 55%";"1990";"2030";"Economy-wide";NA
"10";"Benin";"BEN";"Sub-Saharan Africa";2019;"BEN-2019";12,290444;108,996;100,225;2,87;4,264332525;4,900485059;14,391686309;3,824507565;15,62204121;218207871,715643;0,660440364679527;0,564013496622503;2021;2030;"Non-Annex I";"ratificado";NA;2002;"assinado e ratificado";2016;2016;2015;2021;NA;"Relative emission reduction";"0.20150000000000001";NA;"48,75 MtCO2";"BAU";"2030";"Economy-wide";"4.8529999999999998"
"11";"Burkina Faso";"BFA";"Sub-Saharan Africa";2019;"BFA-2019";20,951639;76,578;99,153;2,675;4,467779365;5,023004665;16,17816203;2,868728152;31,63678727;162970140,263612;0,238757538852278;0,309204577954236;NA;2030;"Non-Annex I";"ratificado";NA;2005;"assinado e ratificado";2016;2016;2015;2021;NA;"Relative emission reduction";"0.19600000000000001";"0.29420000000000002";"n.a.";"BAU";"2030";"Economy-wide";"5.8040000000000003"
"12";"Bangladesh";"BGD";"Asia";2019;"BGD-2019";165,516222;1271,539;98,575;1,101;45,993821195;64,920444322;351,238;6,687662727;212,1431483;1908045387,02685;0,633392486719096;0,298477759937507;2021;2030;"Non-Annex I";"ratificado";NA;2001;"assinado e ratificado";2016;2016;2015;2021;NA;"Relative emission reduction";"6.7299999999999999E-2";"0.2185";"27,56MtCO2 (unconditional)";"BAU";"2030";"Economy-wide";NA
"13";"Bulgaria";"BGR";"Europe";2019;"BGR-2019";7,052532;65,063;94,198;-0,916;44,060618775;41,835852318;68,915875215;4,773056073;51,52603949;2221250000;6,1061419097527;0,624874328022738;2021;2030;"Annex I";"assinado e ratificado";1998;2002;"assinado e ratificado";2016;2016;2015;2020;NA;"Absolute emission reduction";NA;NA;"At least 55%";"1990";"2030";"Economy-wide";NA
"14";"Bahrain";"BHR";"North Africa & the Middle East";2019;"BHR-2019";1,494188;1908,287;166,449;-0,021;29,564361702;25,207712766;38,653318085;1,698724144;54,19474915;1501329787,234;24,5940260256741;0,950710065263728;NA;NA;"Non-Annex I";"ratificado";NA;2006;"assinado e ratificado";2016;2016;2015;2021;NA;"Policies and actions";"not described";NA;"renewable energy";NA;"2030";"Sectoral";NA
"15";"Bahamas";"BHS";"Latin America & the Caribbean";2019;"BHS-2019";0,404557;75,505;91,896;0,604;4,7083;4,78;13,1928;1,228453764;2,957747745;482229306,391;10,879607988544;0,333623004140243;2020;2030;"Non-Annex I";"ratificado";NA;1999;"assinado e ratificado";2016;2016;2015;2016;NA;"Relative emission reduction";"0.3";NA;"n.a.";"BAU";"2030";"Economy-wide";"0.9"
"16";"Bosnia and Herzegovina";"BIH";"Eastern Europe & Central Asia";2019;"BIH-2019";3,360711;65,643;96,739;-1,175;8,201185393;11,158028161;20,202479538;4,037112875;26,21811502;447875544,610653;6,77608899408964;1,1272119729948;2020;2050;"Non-Annex I";"ratificado";NA;2007;"assinado e ratificado";2016;2017;2015;2021;NA;"Absolute emission reduction";"0.5";"0.55000000000000004";"n.a.";"2014";"2050";"Economy-wide";NA
"17";"Belarus";"BLR";"Eastern Europe & Central Asia";2019;"BLR-2019";9,673971;47,676;85,814;-0,267;41,927191892;42,35309303;64,409647194;1,604818192;90,32004535;1273300000;6,41272133809777;0,963155101113765;2021;2030;"Annex I";"ratificado";NA;2005;"assinado e ratificado";2016;2016;2015;2021;NA;"Absolute emission reduction";"0.35";"0.4";"n.a.";"1990";"2030";"Economy-wide";NA
"18";"Belize";"BLZ";"Latin America & the Caribbean";2019;"BLZ-2019";0,389095;17,058;101,446;1,712;1,2385;1,2005;2,4165;2,614217232;1,602171827;93910241,7033733;1,71281783555219;0,275790960365893;2015;2030;"Non-Annex I";"ratificado";NA;2003;"assinado e ratificado";2016;2016;2015;2021;NA;"Relative emission reduction";NA;NA;"5.6 MTCO2e ( cumulative avoided emissions), 1 MTCO2e (annual reduction)";NA;"2030";"Economy-wide";"1.3859999999999999"
"19";"Bolivia";"BOL";"Latin America & the Caribbean";2019;"BOL-2019";11,777315;10,872;100,947;1,444;10,210442517;12,853418147;40,895322844;0,737697291;58,30983432;-216636843,1305;1,92170867182061;0,55342681735507;2021;2030;"Non-Annex I";"assinado e ratificado";1998;1999;"assinado e ratificado";2016;2016;2015;2022;NA;"Policies and actions";"not described";NA;"renewable energy, reflorestation";NA;"2030";"Economy-wide";NA
"20";"Brazil";"BRA";"Latin America & the Caribbean";2019;"BRA-2019";211,782878;25,339;96,709;0,739;264,561;276,633;1873,27;0,448280407;1069,918901;69174411753,43;2,2578320975046;0,255259615351925;2025;2030;"Non-Annex I";"assinado e ratificado";1998;2002;"assinado e ratificado";2016;2016;2015;2022;NA;"Absolute emission reduction";"0.5";NA;"carbon neutral at 2050";"2005";"2030";"Economy-wide";NA
"21";"Barbados";"BRB";"Latin America & the Caribbean";2019;"BRB-2019";0,28018;651,58;91,96;0,177;1,9424;2,02165;5,32425;-0,306518356;3,710537737;215370128,6;6,83027284676601;0,359432003795258;2021;2030;"Non-Annex I";"ratificado";NA;2000;"assinado e ratificado";2016;2016;2015;2021;NA;"Absolute emission reduction";"0.35";"0.7";"n.a.";"2008";"2030";"Economy-wide";NA
"22";"Brunei";"BRN";"Asia";2019;"BRN-2019";0,438048;75,984;107,436;0,842;7,804997288;6,810627547;13,469422959;2,974226152;9,3921572;373256767,246304;16,7706361884008;0,54540893573677;2021;2030;"Non-Annex I";"ratificado";NA;2009;"assinado e ratificado";2016;2016;2015;2020;NA;"Relative emission reduction";"0.2";NA;"n.a.";"BAU";"2030";"Economy-wide";NA
"23";"Bhutan";"BTN";"Asia";2019;"BTN-2019";0,767459;19,989;112,972;0,663;0,8605782708;1,22192152;2,535657069;5,016153346;2,052155026;13011377,2857268;2,46830308775948;0,747073191634653;2021;2030;"Non-Annex I";"ratificado";NA;2002;"assinado e ratificado";2016;2017;2015;2017;2021;"Policies and actions";NA;NA;"Remain carbon neutral";NA;NA;"Economy-wide";NA
"24";"Botswana";"BWA";"Sub-Saharan Africa";2019;"BWA-2019";2,499702;4,411;97,371;1,907;6,203255283;7,694757817;16,695928793;1,042060152;10,61837622;93607130,0326021;2,95153217622701;0,441901194923178;NA;NA;"Non-Annex I";"ratificado";NA;2003;"assinado e ratificado";2016;2016;2015;2016;NA;"Absolute emission reduction";"0.15";NA;"n.a.";"2010";"2030";"Economy-wide";"18.399999999999999"
"25";"Central African Republic";"CAF";"Sub-Saharan Africa";2019;"CAF-2019";5,209324;8,362;100,091;2,407;0,3499744767;0,76213784;2,221301401;0,833009811;19,86945835;25601157,287;0,0540368741576009;0,126725524643997;2022;2030;"Non-Annex I";"ratificado";NA;2008;"assinado e ratificado";2016;2016;2015;2022;NA;"Relative emission reduction";"0.1";"0.25";"n.a.";"BAU";"2030";"Economy-wide";"1764"
"26";"Canada";"CAN";"Northern America";2019;"CAN-2019";37,522584;4,126;98,727;1,256;555,851;583,642;1742,02;0,426917853;726,9041199;48942300762,2452;16,2166228726606;0,34930115264792;2021;2030;"Annex I and II";"assinado";1998;NA;"assinado e ratificado";2016;2016;2015;2021;NA;"Absolute emission reduction";"40-45%";NA;"n.a.";"2005";"2030";"Economy-wide";NA
"27";"Switzerland and Liechtenstein";"CHE";"Europe";2019;"CHE-2019";8,575588;214,433;98,4;0,719;483,068;412,351;721,369;0,423089768;46,47584007;8774913614,47833;4,49836513208517;0,0534762736495857;2021;2030;"Annex I and II";"assinado e ratificado";1998;2003;"assinado e ratificado";2016;2017;2015;2021;NA;"Absolute emission reduction";"0.5";NA;"n.a.";"1990";"2030";"Economy-wide";NA
"28";"Chile";"CHL";"Latin America & the Caribbean";2019;"CHL-2019";19,039485;25,286;98,554;1,756;77,541641202;82,722511206;278,585;-1,018582829;113,4664538;13579090978,7599;4,93762034736628;0,337454452103936;2020;2030;"Non-Annex I";"assinado e ratificado";1998;2002;"assinado e ratificado";2016;2017;2015;2020;NA;"Peak of carbon emissions";NA;NA;"budget 0f 1100 MtCO2eq between 2025-2030. 95MCO2 by 20230";NA;"2030";"Economy-wide";NA
"29";"China";"CHN";"Asia";2019;"CHN-2019";1421,864031;148,111;104,561;0,3;2628,94;2496,15;14279,9;5,575316863;12732,24513;187169822364,755;8,27862037537751;0,824310572066541;NA;NA;"Non-Annex I";"assinado e ratificado";1998;2002;"assinado e ratificado";2016;2016;2015;2021;NA;"Carbon intensity reduction";"0.65";NA;"Lower CO2 per GDP";"2005";"2030";"Economy-wide";NA
"30";"Côte d’Ivoire";"CIV";"Sub-Saharan Africa";2019;"CIV-2019";26,147551;82,225;102,233;2,524;13,918496154;13,24433233;58,53942493;3,576427771;25,64669991;848881139,442877;0,513630626447081;0,229421163877959;2022;2030;"Non-Annex I";"ratificado";NA;2007;"assinado e ratificado";2016;2016;2015;2022;NA;"Relative emission reduction";"0.30409999999999998";"0.98950000000000005";"n.a.";"BAU";"2030";"Economy-wide";"22"
"31";"Cameroon";"CMR";"Sub-Saharan Africa";2019;"CMR-2019";25,782341;55,321;99,448;2,752;7,874725001;9,333955157;39,670977333;0,643223201;92,1525733;1024779237,90889;0,405144382894013;0,263305099502021;2020;2030;"Non-Annex I";"ratificado";NA;2002;"assinado e ratificado";2016;2016;2015;2021;NA;"Absolute emission reduction";"0.12";"0.35";"n.a.";"2010";"2030";"Economy-wide";"57.64"
"32";"Democratic Republic of the Congo";"COD";"Sub-Saharan Africa";2019;"COD-2019";89,90689;39,658;98,442;3,17;13,393198495;15,205263432;51,775830726;1,11096628;55,44309684;1350994226,20535;0,037455917267512;0,0650408691932052;2021;2030;"Non-Annex I";"ratificado";NA;2005;"assinado e ratificado";2016;2017;2015;2021;NA;"Absolute emission reduction";"0.02";"0.21";"n.a.";"BAU";"2030";"Economy-wide";"48.68"
"33";"Colombia";"COL";"Latin America & the Caribbean";2019;"COL-2019";50,187406;44,663;97,525;1,712;51,271146742;70,084059728;323,11;1,314952378;186,4447985;13989154028,3683;1,662541387341;0,258236017450051;NA;NA;"Non-Annex I";"ratificado";NA;2001;"assinado e ratificado";2016;2018;2015;2020;NA;"Absolute emission reduction";"0.51";NA;"n.a.";"BAU";"2030";"Economy-wide";NA
"34";"Comoros";"COM";"Sub-Saharan Africa";2019;"COM-2019";0,790986;425,033;100,829;1,856;0,1526453529;0,3524664528;1,195019559;-0,126909212;0,618479881;4300803,9663215;0,375606259624785;0,248614585960572;2020;2030;"Non-Annex I";"ratificado";NA;2008;"assinado e ratificado";2016;2016;2015;2021;NA;"Absolute emission reduction";"0.23";NA;"increase not sink by 47%";"BAU";"2030";"Economy-wide";"1.3010000000000002"
"35";"Cabo Verde";"CPV";"Sub-Saharan Africa";2019;"CPV-2019";0,57703;143,184;98,938;1,006;1,003790837;1,29331019;1,981845741;4,60050871;0,779614077;122921295,022726;1,49133937986112;0,434215208862343;2021;2030;"Non-Annex I";"ratificado";NA;2006;"assinado e ratificado";2016;2017;2015;2021;NA;"Relative emission reduction";"at least 18%";"at least 24%";"n.a.";"BAU";"2030";"Economy-wide";"2.2000000000000002"
"36";"Costa Rica";"CRI";"Latin America & the Caribbean";2019;"CRI-2019";5,084532;99,58;100,324;0,819;22,111572397;20,249828874;64,417670083;1,535290566;15,71867899;2719031329,42268;1,66596623072485;0,131495886146235;2021;2030;"Non-Annex I";"assinado e ratificado";1998;2002;"assinado e ratificado";2016;2016;2015;2020;NA;"Absolute emission reduction";"9,11 MtCO2eq";NA;"absolute maximum net emission";NA;"2030";"Economy-wide";NA
"37";"Cyprus";"CYP";"Europe";2019;"CYP-2019";1,228836;132,991;100,398;0,804;19,845764021;19,578255905;25,944504646;4,107459811;8,54186797;52834747335,586;5,90547104991529;0,279706840508613;2021;2030;"Annex I and II";"ratificado";NA;1999;"assinado e ratificado";2016;2017;2015;2020;NA;"Absolute emission reduction";NA;NA;"At least 55%";"1990";"2030";"Economy-wide";NA
"38";"Czechia";"CZE";"Europe";2019;"CZE-2019";10,536871;136,483;97,039;0,02;186,582;171,458;252,548;2,624956267;117,7671074;10752120870,768;9,70034351463732;0,404720165154426;2021;2030;"Annex I";"assinado e ratificado";1998;2001;"assinado e ratificado";2016;2017;2015;2020;NA;"Absolute emission reduction";NA;NA;"At least 55%";"1990";"2030";"Economy-wide";NA
"39";"Germany";"DEU";"Europe";2019;"DEU-2019";83,148141;238,548;97,386;0,287;1814,62;1594,83;3888,23;0,828957962;751,652422;73974461220,6158;8,43814767513106;0,180446190855639;2021;2030;"Annex I and II";"assinado e ratificado";1998;2002;"assinado e ratificado";2016;2016;2015;2020;NA;"Absolute emission reduction";NA;NA;"At least 55%";"1990";"2030";"Economy-wide";NA
"40";"Denmark";"DNK";"Europe";2019;"DNK-2019";5,795878;136,715;98,886;0,514;203,212;178,716;346,499;1,130657494;43,56979676;-3801733788,9774;5,29438930574695;0,0885590853093775;2021;2030;"Annex I and II";"assinado e ratificado";1998;2002;"assinado e ratificado";2016;2016;2015;2020;NA;"Absolute emission reduction";NA;NA;"At least 55%";"1990";"2030";"Economy-wide";NA
"41";"Dominican Republic";"DOM";"Latin America & the Caribbean";2019;"DOM-2019";10,881882;225,246;101,163;1,056;20,518119287;24,851856015;88,941299734;3,928931727;39,75330481;2829200000;2,53818061141565;0,310543942923228;2021;2030;"Non-Annex I";"ratificado";NA;2002;"assinado e ratificado";2016;2017;2015;2020;NA;"Relative emission reduction";"7.0000000000000007E-2";"0.27";"n.a.";"BAU";"2030";"Economy-wide";"17.5"
"42";"Algeria";"DZA";"North Africa & the Middle East";2019;"DZA-2019";42,705368;17,93;103,859;1,806;39,014323824;49,974194327;171,767;-0,840856658;279,2006234;1381200049,59264;4,16630145208162;1,03584178980875;2021;2030;"Non-Annex I";"ratificado";NA;2005;"assinado e ratificado";2016;2016;2015;2016;NA;"Relative emission reduction";"7.0000000000000007E-2";"7% to 22%";"conditioned to external support";"BAU";"2030";"Economy-wide";NA
"43";"Ecuador";"ECU";"Latin America & the Caribbean";2019;"ECU-2019";17,34374;69,833;100,021;1,654;24,917131;24,895603;108,108;-1,879688207;74,1134694;979020496,243027;2,34440684584426;0,37611261690664;2020;2025;"Non-Annex I";"assinado e ratificado";1999;2000;"assinado e ratificado";2016;2017;2015;2019;NA;"Absolute emission reduction";"0.09";"0.20899999999999999";"n.a.";"2010";"2025";"Economy-wide";NA
"44";"Egypt";"EGY";"North Africa & the Middle East";2019;"EGY-2019";105,618671;106,101;102,376;1,742;53,041002278;78,012528474;303,081;3,680862242;307,4529495;9010100000;2,54012811603462;0,885192261426186;2015;2030;"Non-Annex I";"assinado e ratificado";1999;2005;"assinado e ratificado";2016;2017;2015;2022;NA;"Relative emission reduction";NA;NA;"33% for electricity sector";"BAU";"2030";"Economy-wide";"246"
"45";"Spain and Andorra";"ESP";"Europe";2019;"ESP-2019";47,131372;93,821;96,148;0,843;486,714;445,722;1394,32;1,254631755;309,3750948;25880652698,1596;5,44871436674769;0,184179660150417;2021;2030;"Annex I and II";"assinado e ratificado";1998;2002;"assinado e ratificado";2016;2017;2015;2020;NA;"Absolute emission reduction";NA;NA;"At least 55%";"1990";"2030";"Economy-wide";NA
"46";"Estonia";"EST";"Europe";2019;"EST-2019";1,327039;30,53;89,7;0,309;22,964765757;21,716876326;31,081901909;3,354972439;13,17499211;3052870944,49206;11,336684079125;0,484018704766642;2021;2030;"Annex I";"assinado e ratificado";1998;2002;"assinado e ratificado";2016;2016;2015;2020;NA;"Absolute emission reduction";NA;NA;"At least 55%";"1990";"2030";"Economy-wide";NA
"47";"Finland";"FIN";"Europe";2019;"FIN-2019";5,521537;18,26;97,496;0,133;107,086;106,667;268,515;1,113269092;52,76297326;15611668561,8503;7,93266803341642;0,163121315588425;2021;2030;"Annex I and II";"assinado e ratificado";1998;2002;"assinado e ratificado";2016;2016;2015;2020;NA;"Absolute emission reduction";NA;NA;"At least 55%";"1990";"2030";"Economy-wide";NA
"48";"Fiji";"FJI";"Oceania";2019;"FJI-2019";0,918465;50,272;100,934;-0,081;2,638400296;3,209498241;5,481675173;-0,524468964;2,187528938;322282826,115833;1,80953894731405;0,303191658898538;2021;2030;"Non-Annex I";"assinado e ratificado";1998;1998;"assinado e ratificado";2016;2016;2015;2020;NA;"Relative emission reduction";NA;"0.2";"0.1";"BAU";"2030";"Sectoral";"2.97"
"49";"France and Monaco";"FRA";"Europe";2019;"FRA-2019";64,399759;116,797;93,634;0,18;862,106;888,231;2728,87;1,495898988;412,9990434;53499337503,7413;5,02148191404754;0,118504078643365;2010;2030;"Annex I and II";"assinado e ratificado";1998;2002;"assinado e ratificado";2016;2016;2015;2020;NA;"Absolute emission reduction";NA;NA;"At least 55%";"1990";"2030";"Economy-wide";NA
"50";"Gabon";"GAB";"Sub-Saharan Africa";2019;"GAB-2019";2,242785;8,704;104,175;2,248;8,678687829;3,711865706;16,87440546;1,56821092;15,09436318;1553136875,4115;2,48910321760668;0,330827854832167;2020;2030;"Non-Annex I";"ratificado";NA;2006;"assinado e ratificado";2016;2016;2015;2022;NA;"Absolute emission reduction";NA;NA;"sectorial targets";"2005";"2030";"Economy-wide";NA
"51";"United Kingdom";"GBR";"Europe";2019;"GBR-2019";66,778659;275,103;97,531;0,517;893,048;939,188;2857,06;1,032740842;439,3320716;19790761929,1277;5,50556081728655;0,128682620743471;2021;2030;"Annex I and II";"assinado e ratificado";1998;2002;"assinado e ratificado";2016;2016;2015;2020;NA;"Absolute emission reduction";"At least 68%";NA;"n.a.";"1990";"2030";"Economy-wide";NA
"52";"Georgia";"GEO";"Eastern Europe & Central Asia";2019;"GEO-2019";3,770811;54,264;88,913;-0,086;9,577029902;11,142797141;17,470436259;5,162618817;17,843006;1382476632,7;3,09409192580747;0,667827391135442;2021;2030;"Non-Annex I";"ratificado";NA;1999;"assinado e ratificado";2016;2017;2015;2021;NA;"Absolute emission reduction";NA;"50% a 57%";"35";"1990";"2030";"Economy-wide";"2"
"53";"Ghana";"GHA";"Sub-Saharan Africa";2019;"GHA-2019";31,52229;138,535;99,526;2,075;25,592134166;26,908043834;68,337537816;4,30597775;36,0704143;3879831469,7;0,666199965184382;0,307300338462226;2021;2030;"Non-Annex I";"ratificado";NA;2003;"assinado e ratificado";2016;2016;2015;2021;NA;"Absolute emission reduction";"24.6 MtCO2e";"64 MtCO2e";"absolute reduction on emissions";"2019";"2030";"Economy-wide";"5.4"
"54";"Guinea";"GIN";"Sub-Saharan Africa";2019;"GIN-2019";12,877539;52,407;97,28;2,548;4,710654139;5,830607769;13,442861444;2,970450896;28,65367333;44400000;0,252789351224089;0,242158616506893;2020;2030;"Non-Annex I";"ratificado";NA;2000;"assinado e ratificado";2016;2016;2015;2021;NA;"Relative emission reduction";"9.7000000000000003E-2";"0.17";"n.a.";"2020";"2030";"Economy-wide";"14.8"
"55";"The Gambia";"GMB";"Sub-Saharan Africa";2019;"GMB-2019";2,508883;247,913;98,875;2,564;0,3417091536;0,6243936759;1,81360828;3,513793718;2,391425602;71083305,8667937;0,209110139681862;0,289275738515844;2021;2030;"Non-Annex I";"ratificado";NA;2001;"assinado e ratificado";2016;2016;2015;2016;2021;"Relative emission reduction";NA;NA;"0.497";"BAU";"2030";"Economy-wide";"0.82289999999999996"
"56";"Guinea-Bissau";"GNB";"Sub-Saharan Africa";2019;"GNB-2019";1,970457;70,073;97,3;2,319;0,2920731227;0,5050919064;1,439638443;2,086875016;2,51469303;71658680,3379902;0,153276855419859;0,20979257268976;2021;2030;"Non-Annex I";"ratificado";NA;2005;"assinado e ratificado";2016;2018;2015;2021;NA;"Relative emission reduction";"0.1";"0.3";"n.a.";"BAU";"2030";"Economy-wide";"1.1950000000000001"
"57";"Greece";"GRC";"Europe";2019;"GRC-2019";10,574024;80,829;96,111;-0,58;82,328450374;85,744667894;205,257;1,991722679;78,6497728;4999635989,53693;5,9406497716525;0,30603864063612;2021;2030;"Annex I and II";"assinado e ratificado";1998;2002;"assinado e ratificado";2016;2016;2015;2020;NA;"Absolute emission reduction";NA;NA;"At least 55%";"1990";"2030";"Economy-wide";NA
"58";"Guatemala";"GTM";"Latin America & the Caribbean";2019;"GTM-2019";17,106338;159,634;98,133;1,46;13,591565593;21,534749412;77,170421168;2,392073112;34,76923985;1170758860;1,16518979600812;0,258287180282116;NA;2030;"Non-Annex I";"assinado e ratificado";1998;1999;"assinado e ratificado";2016;2017;2015;2022;NA;"Relative emission reduction";NA;"0.22600000000000001";"0.112";"BAU";"2030";"Economy-wide";NA
"59";"Honduras";"HND";"Latin America & the Caribbean";2019;"HND-2019";9,958829;91,303;102,126;1,666;10,015545627;14,579554032;25,089976947;0,942197107;22,12091325;955095297,980428;1,02836027994807;0,408181490163527;2021;2030;"Non-Annex I";"assinado e ratificado";1999;2000;"assinado e ratificado";2016;2016;2015;2021;NA;"Relative emission reduction";"0.16";NA;"sem LULUCF";"BAU";"2030";"Economy-wide";NA
"60";"Croatia";"HRV";"Europe";2019;"HRV-2019";4,129752;73,883;94,593;-0,732;31,53455562;31,790992554;62,32798358;3,995700516;22,30206393;3940753801,94997;4,47728038731381;0,296657401251196;2021;2030;"Annex I and II";"assinado e ratificado";1999;2007;"assinado e ratificado";2016;2017;2015;2020;NA;"Absolute emission reduction";NA;NA;"At least 55%";"1990";"2030";"Economy-wide";NA
"61";"Haiti";"HTI";"Latin America & the Caribbean";2019;"HTI-2019";11,160438;404,818;98,397;1,327;1,732030797;5,536983124;14,785839383;-2,988518036;10,32115836;7,5e+07;0,314517716193092;0,237399810761531;2022;2030;"Non-Annex I";"ratificado";NA;2005;"assinado e ratificado";2016;2017;2015;2022;NA;"Relative emission reduction";"0.06";"0.32";"n.a.";"BAU";"2030";"Economy-wide";"22"
"62";"Hungary";"HUN";"Europe";2019;"HUN-2019";9,771796;107,94;91,86;-0,034;133,725;129,94;163,989;4,905257238;62,09373864;98480187616,2402;5,21191966211431;0,310568487560568;2021;2030;"Annex I";"ratificado";NA;2002;"assinado e ratificado";2016;2016;2015;2020;NA;"Absolute emission reduction";NA;NA;"At least 55%";"1990";"2030";"Economy-wide";NA
"63";"Indonesia";"IDN";"Asia";2019;"IDN-2019";269,582878;141,074;101,505;0,922;208,058;213,035;1119,1;4,039135657;1020,913716;24993551748,0098;2,40171628123415;0,578555613648968;NA;NA;"Non-Annex I";"assinado e ratificado";1998;2004;"assinado e ratificado";2016;2016;2015;2022;NA;"Relative emission reduction";"0.31890000000000002";"0.432";"n.a.";"BAU";"2030";"Economy-wide";NA
"64";"India";"IND";"Asia";2019;"IND-2019";1383,11205;465,195;106,809;0,991;529,245;602,315;2831,55;2,679716666;3412,419303;50610647353,5912;1,85355111407214;0,905394176745634;NA;2030;"Non-Annex I";"ratificado";NA;2002;"assinado e ratificado";2016;2016;2015;2022;NA;"Carbon intensity reduction";"0.45";NA;"emissions intensity of its GDP";"2005";"2030";"Economy-wide";"2500"
"65";"Ireland";"IRL";"Europe";2019;"IRL-2019";4,896019;71,614;98,149;1,187;510,651;496,636;399,322;4,00871471;61,60232693;-46633226471,2905;7,51631364329857;0,0921562408471083;2021;2030;"Annex I and II";"assinado e ratificado";1998;2002;"assinado e ratificado";2016;2016;2015;2020;NA;"Absolute emission reduction";NA;NA;"At least 55%";"1990";"2030";"Economy-wide";NA
"66";"Iran";"IRN";"North Africa & the Middle East";2019;"IRN-2019";86,564202;53,148;102,385;0,984;66,634694562;77,37904638;283,747;-3,72270715;856,6575668;1,508e+09;7,73760532760921;2,3605522898055;NA;NA;"Non-Annex I";"ratificado";NA;2005;"assinado";2016;NA;2015;NA;NA;"Relative emission reduction";"0.04";"0.12";"n.a.";"BAU";"2030";"Economy-wide";"192.5"
"67";"Iraq";"IRQ";"North Africa & the Middle East";2019;"IRQ-2019";41,56352;95,74;100,067;2,307;88,9029;72,2825;233,636;3,044174774;285,9617366;-3075600000;4,37270108432515;0,777897451473103;NA;NA;"Non-Annex I";"ratificado";NA;2009;"assinado e ratificado";2016;2021;2015;2021;NA;"Policies and actions";"not described";NA;"energy, agricultuer";NA;NA;"not described";NA
"68";"Iceland";"ISL";"Europe";2019;"ISL-2019";0,360774;3,599;105,234;1,977;11,012617626;9,892297459;24,82610212;0,187989584;2,848394617;-556463720,652854;9,01230893601202;0,130967266966225;2021;2030;"Annex I and II";"ratificado";NA;2002;"assinado e ratificado";2016;2016;2015;2021;NA;"Absolute emission reduction";"0.55000000000000004";NA;"joint action on EU";"1990";"2030";"Economy-wide";NA
"69";"Israel and Palestine, State of";"ISR";"North Africa & the Middle East";2019;"ISR-2019";8,607919;397,723;99,242;1,805;117,918;108,86;402,471;2,186673573;87,19131386;17362500000;7,50828183122924;0,160584692642185;2021;2030;"Non-Annex I";"assinado e ratificado";1998;2004;"assinado e ratificado";2016;2016;2015;2021;NA;"Absolute emission reduction";"0.85";NA;"n.a.";"2015";"2050";"Economy-wide";NA
"70";"Italy, San Marino and the Holy See";"ITA";"Europe";2019;"ITA-2019";59,727932;201,801;94,949;-0,295;635,62;568,727;2011,3;1,648503393;390,0013633;31185214397,3208;5,5993493907261;0,166279301771755;2021;2030;"Annex I and II";"assinado e ratificado";1998;2002;"assinado e ratificado";2016;2016;2015;2020;NA;"Absolute emission reduction";NA;NA;"At least 55%";"1990";"2030";"Economy-wide";NA
"71";"Jamaica";"JAM";"Latin America & the Caribbean";2019;"JAM-2019";2,813773;259,813;98,556;0,05;6,021403909;8,243797825;15,83076855;0,822801591;10,00978586;665415555,002522;3,00327042032268;0,533803598587928;2005;2030;"Non-Annex I";"ratificado";NA;1999;"assinado e ratificado";2016;2017;2015;2020;NA;"Relative emission reduction";"0.254";"0.28499999999999998";"n.a.";"BAU";"2030";"Economy-wide";NA
"72";"Jordan";"JOR";"North Africa & the Middle East";2019;"JOR-2019";10,698683;120,489;108,021;2,213;16,170140845;21,963521127;44,993992365;-0,347869809;34,89900556;729718309,859155;2,35517292450678;0,560013619708961;2020;2030;"Non-Annex I";"ratificado";NA;2003;"assinado e ratificado";2016;2016;2015;2021;NA;"Relative emission reduction";"0.05";"0.31";"n.a.";"BAU";"2030";"Economy-wide";"6.9749999999999996"
"73";"Japan";"JPN";"Asia";2019;"JPN-2019";125,791677;333,821;94,625;-0,396;893,782;908,592;5123,32;-0,100125011;1157,544668;39960544340,0141;9,07898736593519;0,222914252130025;2021;2031;"Annex I and II";"assinado e ratificado";1998;2002;"assinado e ratificado";2016;2016;2015;2021;NA;"Absolute emission reduction";"0.46";NA;"net-zero by 2050";"2013";"2030";"Economy-wide";NA
"74";"Kazakhstan";"KAZ";"Eastern Europe & Central Asia";2019;"KAZ-2019";18,754258;6,947;92,381;1,139;66,197683955;51,629142257;181,667;3,16101154;286,9676223;3730856270,68398;11,8829008801415;1,22672245864466;2021;2030;"Non-Annex I";"assinado e ratificado";1999;2009;"assinado e ratificado";2016;2016;2015;2016;NA;"Absolute emission reduction";"0.15";"0.25";"n.a.";"1990";"2030";"Economy-wide";NA
"75";"Kenya";"KEN";"Sub-Saharan Africa";2019;"KEN-2019";50,95145;87,737;98,415;1,997;11,471390332;20,408671438;100,38;3,05495785;78,59430095;469940266,776669;0,451033138099897;0,228937959595935;2021;2030;"Non-Annex I";"ratificado";NA;2005;"assinado e ratificado";2016;2016;2015;2020;NA;"Relative emission reduction";"0.32";NA;"45,8 MtCO2eq";"BAU";"2030";"Economy-wide";"53.6"
"76";"Kyrgyzstan";"KGZ";"Eastern Europe & Central Asia";2019;"KGZ-2019";6,323643;32,97;96,471;1,54;3,125631006;5,689780525;8,871026074;2,439335207;16,93227455;403865100;1,6508455004329;1,17679257233733;NA;NA;"Non-Annex I";"ratificado";NA;2003;"assinado e ratificado";2016;2020;2015;2021;NA;"Relative emission reduction";"0.15970000000000001";"0.43619999999999998";"n.a.";"BAU";"2025 and 2030";"Economy-wide";"6.3"
"77";"Cambodia";"KHM";"Asia";2019;"KHM-2019";16,207746;89,528;97,982;1,093;16,549259441;16,92144889;27,089389787;5,848619695;41,94780434;3663032999,47048;0,997368843878847;0,596731820724124;2020;2030;"Non-Annex I";"ratificado";NA;2002;"assinado e ratificado";2016;2017;2015;2020;NA;"Relative emission reduction";"0.41699999999999998";NA;"64,6 MtCO2/y";"BAU";"2030";"Economy-wide";"7.8"
"78";"Kiribati";"KIR";"Oceania";2019;"KIR-2019";0,124241;171,131;94,58;1,634;0,03250976712;0,1808183525;0,1779353493;-2,12468455;0,10445706;-558280,50228304;0,580483882452065;0,405315179493269;2020;2030;"Non-Annex I";"ratificado";NA;2000;"assinado e ratificado";2016;2016;2015;2016;NA;"Relative emission reduction";"0.128";"0.61799999999999999";"n.a.";"BAU";"2030";"Economy-wide";"7.4999999999999997E-2"
"79";"Kuwait";"KWT";"North Africa & the Middle East";2019;"KWT-2019";4,4411;249,248;160,8;1,228;72,583928854;61,138060277;136,197;-3,326745707;137,4965792;515617569,386937;21,7739112613546;0,710001815772756;2015;2035;"Non-Annex I";"ratificado";NA;2005;"assinado e ratificado";2016;2018;2015;2021;NA;"Relative emission reduction";"7.3999999999999996E-2";NA;"n.a.";"BAU";"2035";"not described";NA
"80";"Lebanon";"LBN";"North Africa & the Middle East";2019;"LBN-2019";5,781907;565,191;94,822;-3,023;10,681277028;21,820628748;51,95374453;-4,44462787;34,13238906;1906392482,4039;4,79758860883511;0,533921306567737;NA;2030;"Non-Annex I";"ratificado";NA;2006;"assinado e ratificado";2016;2020;2015;2021;NA;"Relative emission reduction";"0.2";"0.31";"n.a.";"BAU";"2030";"Economy-wide";NA
"81";"Libya";"LBY";"North Africa & the Middle East";2019;"LBY-2019";6,569088;3,919;102,745;1,307;29,664306658;24,497318172;69,252306372;-12,42986729;114,3011899;0;9,02293843680188;0,85589173437116;NA;NA;"Non-Annex I";"ratificado";NA;2006;"assinado";2016;NA;NA;NA;NA;"not disclosed";NA;NA;"INDC not submitted";NA;NA;"not described";NA
"82";"Sri Lanka";"LKA";"Asia";2019;"LKA-2019";21,649664;345,262;93,149;0,309;19,426214043;24,569911492;89,014990792;-0,829146715;35,47798059;743466231,468031;1,17833956369794;0,286588308384791;2021;2030;"Non-Annex I";"ratificado";NA;2002;"assinado e ratificado";2016;2016;2015;2021;NA;"Relative emission reduction";"0.04";"0.14499999999999999";"n.a.";"BAU";"2030";"Economy-wide";NA
"83";"Lesotho";"LSO";"Sub-Saharan Africa";2019;"LSO-2019";2,225702;73,31;97,358;1,249;1,09419036;2,230202888;2,453980835;-0,327910895;3,846161753;35732593,408811;0,308183188919734;0,27951479089079;NA;2030;"Non-Annex I";"ratificado";NA;2000;"assinado e ratificado";2016;2017;2015;2018;NA;"Relative emission reduction";"0.1";"0.35";"n.a.";"BAU";"2030";"Economy-wide";"0.59"
"84";"Lithuania";"LTU";"Europe";2019;"LTU-2019";2,849083;45,497;87,786;-0,925;42,336365375;39,424925628;54,751510088;4,902417213;19,77996072;3434299309,82763;4,92408575393381;0,256232732020113;2021;2030;"Annex I";"assinado e ratificado";1998;2003;"assinado e ratificado";2016;2017;2015;2020;NA;"Absolute emission reduction";NA;NA;"At least 55%";"1990";"2030";"Economy-wide";NA
"85";"Luxembourg";"LUX";"Europe";2019;"LUX-2019";0,619973;239,372;101,197;1,97;142,668;121,163;69,825641851;0,331126121;10,49495324;12801194703,5407;15,6492302112902;0,138947526218053;2021;2030;"Annex I and II";"assinado e ratificado";1998;2002;"assinado e ratificado";2016;2016;2015;2020;NA;"Absolute emission reduction";NA;NA;"At least 55%";"1990";"2030";"Economy-wide";NA
"86";"Latvia";"LVA";"Europe";2019;"LVA-2019";1,916555;30,799;85,703;-0,972;20,542524057;20,769119131;34,343961073;3,285293261;12,08647033;1114592059,19912;4,21644867681168;0,235297721675437;2021;2030;"Annex I";"assinado e ratificado";1998;2002;"assinado e ratificado";2016;2017;2015;2020;NA;"Absolute emission reduction";NA;NA;"At least 55%";"1990";"2030";"Economy-wide";NA
"87";"Moldova";"MDA";"Eastern Europe & Central Asia";2019;"MDA-2019";3,109491;94,565;90,599;-0,931;3,659009037;6,624660972;11,971345003;5,356014391;13,45176146;507170000;2,9127418625797;0,756568673339971;2021;2030;"Non-Annex I";"ratificado";NA;2003;"assinado e ratificado";2016;2017;2015;2020;NA;"Absolute emission reduction";"0.7";"0.88";"n.a.";"1990";"2030";"Economy-wide";"9.2200000000000006"
"88";"Madagascar";"MDG";"Sub-Saharan Africa";2019;"MDG-2019";27,533134;47,324;100,553;2,513;4,009166436;4,820540162;14,104664515;1,807532126;30,83439778;474311425,432437;0,194669091446735;0,380005506317511;2021;2030;"Non-Annex I";"ratificado";NA;2003;"assinado e ratificado";2016;2016;2015;2016;NA;"Relative emission reduction";NA;NA;"0.32";"BAU";"2030";"Economy-wide";"42.098999999999997"
"89";"Maldives";"MDV";"Asia";2019;"MDV-2019";0,504508;1681,693;136,987;2,53;3,894413425;4,399141282;5,609400722;3,966321169;2,490697111;961037565,723003;4,19585228536059;0,377373831839197;2021;2030;"Non-Annex I";"assinado e ratificado";1998;1998;"assinado e ratificado";2016;2016;2015;2020;NA;"Relative emission reduction";NA;"0.26";"n.a.";"BAU";"2030";"Economy-wide";NA
"90";"Mexico";"MEX";"Latin America & the Caribbean";2019;"MEX-2019";125,085311;63,844;95,758;0,84;492,647;495,88;1269,01;-1,053918176;659,7404104;29896286006;3,84908685691144;0,379401444088526;2020;2030;"Non-Annex I";"assinado e ratificado";1998;2000;"assinado e ratificado";2016;2016;2015;2020;NA;"Relative emission reduction";"0.22";"0.36";"n.a.";"BAU";"2030";"Economy-wide";NA
"91";"North Macedonia";"MKD";"Eastern Europe & Central Asia";2019;"MKD-2019";2,114176;84,862;99,537;-0,014;7,867370858;9,602017937;12,606338449;3,886552146;10,89185905;549500829,87779;4,07947759637211;0,684158501826655;2021;2030;"Non-Annex I";"ratificado";NA;2004;"assinado e ratificado";2016;2018;2015;2021;NA;"Absolute emission reduction";NA;NA;"0.51";"1990";"2030";"Economy-wide";NA
"92";"Mali";"MLI";"Sub-Saharan Africa";2019;"MLI-2019";20,567424;16,856;102,041;3,106;4,441938878;6,558444867;17,280251194;1,531457069;41,1622077;859091549,188966;0,271859889286655;0,323575019181038;2020;2030;"Non-Annex I";"assinado e ratificado";1999;2002;"assinado e ratificado";2016;2016;2015;2021;NA;"Relative emission reduction";NA;NA;"sectorial targets";"BAU";"2030";"Economy-wide";NA
"93";"Malta";"MLT";"Europe";2019;"MLT-2019";0,503635;1598,84;106,407;2,367;22,973804993;20,317922311;15,725847979;1,834144745;2,141341401;4363198051,87696;3,41234215439237;0,109283451246785;2021;2030;"Annex I and II";"assinado e ratificado";1998;2001;"assinado e ratificado";2016;2016;2015;2020;NA;"Absolute emission reduction";NA;NA;"At least 55%";"1990";"2030";"Economy-wide";NA
"94";"Mongolia";"MNG";"Asia";2019;"MNG-2019";3,23243;2,075;98,755;2,106;8,41261274;9,25960272;14,206359007;3,366368425;56,96522748;2443343095,41815;7,28947774201731;1,65860418746413;NA;2030;"Non-Annex I";"ratificado";NA;1999;"assinado e ratificado";2016;2016;2015;2020;NA;"Relative emission reduction";"0.22700000000000001";"0.44900000000000001";"n.a.";"BAU";"2030";"Economy-wide";"3.4"
"95";"Mozambique";"MOZ";"Sub-Saharan Africa";2019;"MOZ-2019";30,285595;38,513;96,229;2,874;4,966113499;12,270564308;15,390039242;-0,596554736;34,71730227;3379329136,13929;0,287155937853333;0,565085527003571;2020;2025;"Non-Annex I";"ratificado";NA;2005;"assinado e ratificado";2016;2018;2015;2021;NA;"Absolute emission reduction";"40 MtCO2 eq";NA;"emission reduction target";"BAU";"2025";"Economy-wide";"7.5860000000000003"
"96";"Mauritania";"MRT";"Sub-Saharan Africa";2019;"MRT-2019";4,383849;4,253;95,82;2,604;3,353880766;4,404481178;8,066126312;2,579174767;13,9973509;-883561115,825519;0,915517579657191;0,497573515566167;2021;2030;"Non-Annex I";"ratificado";NA;2005;"assinado e ratificado";2016;2017;2015;2021;NA;"Relative emission reduction";"0.11";"0.92490000000000006";"n.a.";"BAU";"2030";"Economy-wide";"46.561"
"97";"Mauritius";"MUS";"Sub-Saharan Africa";2019;"MUS-2019";1,296279;638,561;97,677;0,105;6,362354997;7,53824686;14,436353898;2,858298051;6,846455334;444077760,8829;3,25069139293501;0,291888313206715;2021;2030;"Non-Annex I";"ratificado";NA;2001;"assinado e ratificado";2016;2016;2015;2021;NA;"Relative emission reduction";NA;"0.4";NA;"BAU";"2030";"Economy-wide";"6.5"
"98";"Malaysia";"MYS";"Asia";2019;"MYS-2019";32,80402;99,845;104,897;1,217;238,378;210,891;365,175;3,124898885;302,134912;9154921685,03934;8,11530857145466;0,729005941491531;2021;2030;"Non-Annex I";"assinado e ratificado";1999;2002;"assinado e ratificado";2016;2016;2015;2021;NA;"Carbon intensity reduction";"0.45";NA;"carbon intensity (agaisnt GDP)";"2005";"2030";"Economy-wide";NA
"99";"Namibia";"NAM";"Sub-Saharan Africa";2019;"NAM-2019";2,446644;2,972;93,37;1,67;4,565372507;5,832030385;12,541928105;-2,499398207;10,78872919;-176478261,583527;1,73612745688216;0,338678853048329;2015;2030;"Non-Annex I";"ratificado";NA;2003;"assinado e ratificado";2016;2016;2015;2021;NA;"Relative emission reduction";NA;NA;"0.91";"BAU";"2030";"Economy-wide";"5.32"
"100";"Niger";"NER";"Sub-Saharan Africa";2019;"NER-2019";23,443393;18,507;102,909;3,74;1,47528308;3,396076034;12,916455161;2,026402986;42,74968305;717147639,398696;0,0975750256578943;0,177098874650218;2021;2030;"Non-Annex I";"assinado e ratificado";1998;2004;"assinado e ratificado";2016;2016;2015;2021;NA;"Relative emission reduction";"0.106";"0.45";"n.a.";"BAU";"2025, 2030";"Economy-wide";"7.25"
"101";"Nigeria";"NGA";"Sub-Saharan Africa";2019;"NGA-2019";203,304492;223,223;102,044;2,436;63,7268193;88,740987214;448,12;-0,263456378;332,2470358;2305099811,70358;0,5915493147086;0,268375954922298;2021;2030;"Non-Annex I";"ratificado";NA;2004;"assinado e ratificado";2016;2017;2015;2021;NA;"Relative emission reduction";"0.2";"0.47";"n.a.";"BAU";"2030";"Economy-wide";"177"
"102";"Nicaragua";"NIC";"Latin America & the Caribbean";2019;"NIC-2019";6,663924;55,376;97,181;1,374;5,680173421;6,245814677;12,596636042;-5,103263235;18,59808645;5,03e+08;0,789075544693577;0,417439977035466;NA;NA;"Non-Annex I";"assinado e ratificado";1998;1999;"ratificado";NA;2017;NA;2020;NA;"Policies and actions";NA;NA;"60% of electricity matrix from renewable energy";NA;"2030";"not described";NA
"103";"Netherlands";"NLD";"Europe";2019;"NLD-2019";17,363262;515,674;98,687;0,449;751,254;662,011;910,194;1,289889121;172,2166275;-14191873238,3687;9,14597287987591;0,174472610628262;2021;2030;"Annex I and II";"assinado e ratificado";1998;2002;"assinado e ratificado";2016;2017;2015;2020;NA;"Absolute emission reduction";NA;NA;"At least 55%";"1990";"2030";"Economy-wide";NA
"104";"Norway";"NOR";"Europe";2019;"NOR-2019";5,348279;17,58;101,651;0,736;146,844;140,844;404,941;0,067992626;47,60966673;16329824317,677;8,1060670792195;0,107061296170012;2021;2030;"Annex I and II";"assinado e ratificado";1998;2002;"assinado e ratificado";2016;2016;2015;2020;NA;"Absolute emission reduction";"50-55%";NA;"n.a.";"1990";"2030";"Economy-wide";NA
"105";"Nepal";"NPL";"Asia";2019;"NPL-2019";28,832496;195,898;90,587;1,157;2,659663943;14,176873281;34,186190996;5,451916541;44,48974544;185563265,634425;0,472334535881805;0,398365047982896;2021;2030;"Non-Annex I";"ratificado";NA;2005;"assinado e ratificado";2016;2016;2016;2016;2020;"Policies and actions";NA;NA;"Renewable energy generation increase";NA;"2030";"Economy-wide";"21.6"
"106";"New Zealand";"NZL";"Oceania";2019;"NZL-2019";4,959034;18,72;97,784;2,721;58,307831673;57,670097999;213,435;0,57930066;83,18027228;2915754514,32092;7,68375496445981;0,178527430442172;2021;2030;"Annex I and II";"assinado e ratificado";1998;2002;"assinado e ratificado";2016;2016;2015;2021;NA;"Absolute emission reduction";NA;NA;"0.5";"2005";"2030";"Economy-wide";NA
"107";"Oman";"OMN";"North Africa & the Middle East";2019;"OMN-2019";4,602768;14,872;174,29;-0,592;43,583094928;32,568530559;88,060858257;-1,163316683;99,95167634;4237711313,39402;18,78519586125;0,981865270169803;2021;2030;"Non-Annex I";"ratificado";NA;2005;"assinado e ratificado";2016;2019;2015;2019;2021;"Relative emission reduction";"0.04";"7.0000000000000007E-2";"n.a.";"BAU";"2030";"Sectoral";NA
"108";"Pakistan";"PAK";"Asia";2019;"PAK-2019";223,29328;289,66;102,482;1,63;30,136171703;62,624563954;320,909;0,862674222;427,5226496;2,234e+09;0,900225434269361;0,626390316125226;NA;2030;"Non-Annex I";"ratificado";NA;2005;"assinado e ratificado";2016;2016;2015;2021;NA;"Relative emission reduction";"0.15";"0.5";"n.a.";"BAU";"2030";"Economy-wide";NA
"109";"Panama";"PAN";"Latin America & the Caribbean";2019;"PAN-2019";4,232532;57,06;100,211;1,56;27,6029383;29,3219954;66,9844;1,342886534;20,58887322;4219287511,58;3,10801551373788;0,19638565275485;2022;2050;"Non-Annex I";"assinado e ratificado";1998;1999;"assinado e ratificado";2016;2016;2016;2020;NA;"Relative emission reduction";NA;NA;"Energy sector: 11.5% by 2030 and 24% by 2050";"BAU";"2050";"Economy-wide";NA
"110";"Peru";"PER";"Latin America & the Caribbean";2019;"PER-2019";32,824861;25,643;98,258;1,617;54,886884607;52,296167561;228,323;0,306641969;100,3949369;4760357406,6111;1,75424695772984;0,252199351564034;2021;2030;"Non-Annex I";"assinado e ratificado";1998;2002;"assinado e ratificado";2016;2016;2015;2020;NA;"Absolute emission reduction";"208.8 MtCO2eq";"179.0 MtCO2eq";"target for maximum emissions";NA;"2030";"Economy-wide";NA
"111";"Philippines";"PHL";"Asia";2019;"PHL-2019";110,380804;367,936;103,019;1,643;106,953;152,459;376,823;4,376525552;235,3023833;8671365873,65689;1,36504307843309;0,399854978310984;2020;2030;"Non-Annex I";"assinado e ratificado";1998;2003;"assinado e ratificado";2016;2017;2015;2021;NA;"Relative emission reduction";"2.7099999999999999E-2";"0.72289999999999999";"n.a.";"BAU";"2020-2030";"Economy-wide";NA
"112";"Poland";"POL";"Europe";2019;"POL-2019";38,493601;125,716;93,749;-0,081;317,073;295,008;596,055;4,475505106;355,3809081;1,7619e+10;8,10438900654241;0,523386460589426;2021;2030;"Annex I";"assinado e ratificado";1998;2002;"assinado e ratificado";2016;2016;2015;2020;NA;"Absolute emission reduction";NA;NA;"At least 55%";"1990";"2030";"Economy-wide";NA
"113";"Portugal";"PRT";"Europe";2019;"PRT-2019";10,289923;111,865;89,424;0,165;104,415;103,329;239,987;2,658392606;61,57513853;10320042522,1049;4,57112436469398;0,195996107022985;2021;2030;"Annex I and II";"assinado e ratificado";1998;2002;"assinado e ratificado";2016;2016;2015;2020;NA;"Absolute emission reduction";NA;NA;"At least 55%";"1990";"2030";"Economy-wide";NA
"114";"Paraguay";"PRY";"Latin America & the Caribbean";2019;"PRY-2019";6,530026;16,145;100,949;1,317;13,722313059;13,328941538;37,925338329;-1,724202051;49,37136829;402405577,221077;1,3367691565816;0,230166367212104;2014;2030;"Non-Annex I";"assinado e ratificado";1998;1999;"assinado e ratificado";2016;2016;2015;2021;NA;"Relative emission reduction";"0.1";"0.2";"n.a.";"BAU";"2030";"Economy-wide";NA
"115";"Qatar";"QAT";"North Africa & the Middle East";2019;"QAT-2019";2,807235;242,295;273,651;1,524;92,046153846;66,76978022;175,838;-0,679178215;121,5142112;-2812637362,63736;37,5295181837324;0,599154773021247;2021;2030;"Non-Annex I";"ratificado";NA;2005;"assinado e ratificado";2016;2017;2015;2021;NA;"Relative emission reduction";NA;NA;"0.25";NA;"2030";"Economy-wide";NA
"116";"Romania";"ROU";"Europe";2019;"ROU-2019";19,524211;84,86;93,821;-0,353;100,91;111,209;251,019;4,401721366;101,8444251;7365441773,73218;4,12158728377889;0,320576290174911;2021;2030;"Annex I";"assinado e ratificado";1999;2001;"assinado e ratificado";2016;2017;2015;2020;NA;"Absolute emission reduction";NA;NA;"At least 55%";"1990";"2030";"Economy-wide";NA
"117";"Russia";"RUS";"Eastern Europe & Central Asia";2019;"RUS-2019";145,742286;8,9;86,741;0,027;481,41;352,089;1693,11;2,243979517;2419,133843;31974770000;12,9112292103254;1,11139386110932;2021;2030;"Annex I";"assinado e ratificado";1999;2004;"assinado e ratificado";2016;2020;2015;2020;NA;"Absolute emission reduction";NA;NA;"0.3";"1990";"2030";"Economy-wide";NA
"118";"Rwanda";"RWA";"Sub-Saharan Africa";2019;"RWA-2019";12,835028;530,154;95,39;2,373;2,258781198;3,741294412;10,356327149;6,874655217;6,338045843;263172335,23;0,101421174315973;0,125695489666343;2015;2030;"Non-Annex I";"ratificado";NA;2004;"assinado e ratificado";2016;2016;2015;2020;NA;"Relative emission reduction";"0.16";"0.38";"n.a.";"BAU";"2030";"Economy-wide";"11.04"
"119";"Saudi Arabia";"SAU";"North Africa & the Middle East";2019;"SAU-2019";35,827362;16,666;138,988;2,248;285,86;218,941;803,616;-1,932448198;720,6739994;4562573670,96759;16,1173864750143;0,718556424628479;2020;2030;"Non-Annex I";"ratificado";NA;2005;"assinado e ratificado";2016;2016;2015;2021;NA;"Relative emission reduction";"278 MtCO2eq";NA;"emission reduction and avoidance annually";"2019";"2030";"Sectoral";NA
"120";"Senegal";"SEN";"Sub-Saharan Africa";2019;"SEN-2019";16,000781;83,108;96,566;2,684;5,846879269;9,186797995;23,398811424;1,82926307;31,08173062;1065462819,6927;0,709989873801285;0,485511519241517;2025;2030;"Non-Annex I";"ratificado";NA;2001;"assinado e ratificado";2016;2016;2015;2020;NA;"Relative emission reduction";"7.0000000000000007E-2";"0.29499999999999998";"n.a.";"BAU";"2030";"Economy-wide";"13"
"121";"Singapore";"SGP";"Asia";2019;"SGP-2019";5,866405;8589,173;109,527;0,924;658,107;550,193;375,473;-0,054554857;65,00572752;105293129463,222;9,68823344614513;0,151369342481704;2021;2030;"Non-Annex I";"ratificado";NA;2006;"assinado e ratificado";2016;2016;2015;2020;NA;"Peak of carbon emissions";NA;NA;"65 MtCO2e";NA;"2030";"Economy-wide";NA
"122";"Solomon Islands";"SLB";"Oceania";2019;"SLB-2019";0,674993;23,441;104,567;2,342;0,5909413463;0,7529302371;1,619154819;-0,623761218;0,889504888;32787092,7202953;0,46795440169624;0,195080755563097;2020;2030;"Non-Annex I";"assinado e ratificado";1998;2003;"assinado e ratificado";2016;2016;2015;2021;NA;"Absolute emission reduction";"0.33";"0.78";"n.a.";"2015";"2030";"Economy-wide";"0.252"
"123";"Sierra Leone";"SLE";"Sub-Saharan Africa";2019;"SLE-2019";8,046828;112,167;100,351;2,321;0,7438506809;1,546805316;4,076578543;2,827246529;5,872882542;342400000;0,118608532518831;0,234123407765638;2020;2030;"Non-Annex I";"ratificado";NA;2006;"assinado e ratificado";2016;2016;2015;2021;NA;"Policies and actions";NA;NA;"improve energy efficiency and increase access to grid connections by 42% in 2025";"2005";"2025 and 2030";"Economy-wide";"2.7"
"124";"El Salvador";"SLV";"Latin America & the Caribbean";2019;"SLV-2019";6,280217;303,099;91,023;0,022;8,05249;12,38847;26,88114;2,374265927;12,49549105;696287032,758767;1,36314766744202;0,31847098577589;NA;2030;"Non-Annex I";"assinado e ratificado";1998;1998;"assinado e ratificado";2016;2017;2015;2022;NA;"Relative emission reduction";NA;"0.61";"n.a.";"BAU";"2030";"Economy-wide";NA
"125";"Somalia";"SOM";"Sub-Saharan Africa";2019;"SOM-2019";15,9813;25,475;100,52;3,649;1,13;5,42;6,49;3,62251847;26,12238808;4,47e+08;0,0509307747585584;0,125414482380424;2021;2030;"Non-Annex I";"ratificado";NA;2010;"assinado e ratificado";2016;2016;2015;2021;NA;"Relative emission reduction";NA;NA;"0.3";"BAU";"2030";"Sectoral";"62.46"
"126";"Slovakia";"SVK";"Europe";2019;"SVK-2019";5,453924;111,23;95,421;0,133;97,158190776;96,815790542;105,72;2,381049046;38,04032725;2279811254,28144;6,38507545911421;0,329395727282198;2021;2030;"Annex I";"assinado e ratificado";1999;2002;"assinado e ratificado";2016;2016;2015;2020;NA;"Absolute emission reduction";NA;NA;"At least 55%";"1990";"2030";"Economy-wide";NA
"127";"Slovenia";"SVN";"Europe";2019;"SVN-2019";2,112901;104,921;100,307;0,317;45,475234205;40,802920386;54,331588482;2,73324724;16,53388594;2151537534,12248;7,38929542276519;0,287362290046582;2021;2030;"Annex I";"assinado e ratificado";1998;2002;"assinado e ratificado";2016;2016;2015;2020;NA;"Absolute emission reduction";NA;NA;"At least 55%";"1990";"2030";"Economy-wide";NA
"128";"Sweden";"SWE";"Europe";2019;"SWE-2019";10,267922;25,207;101,152;1,042;255,244;232,903;533,88;0,957561656;46,79236081;16517284259,1258;4,11117637982008;0,0790687764970312;2021;2030;"Annex I and II";"assinado e ratificado";1998;2002;"assinado e ratificado";2016;2016;2015;2020;NA;"Absolute emission reduction";NA;NA;"At least 55%";"1990";"2030";"Economy-wide";NA
"129";"Eswatini";"SWZ";"Sub-Saharan Africa";2019;"SWZ-2019";1,169613;67,362;98,303;0,788;2,051993385;1,931358813;4,495264161;1,897024001;3,052193508;127970921,965401;1,35893383501637;0,353578037385332;2021;2030;"Non-Annex I";"ratificado";NA;2006;"assinado e ratificado";2016;2016;2015;2021;NA;"Relative emission reduction";"0.05";"0.14000000000000001";"n.a.";"BAU";"2030";"Economy-wide";NA
"130";"Seychelles";"SYC";"Sub-Saharan Africa";2019;"SYC-2019";0,104373;228,386;111,052;1,214;1,740810266;1,927533474;1,68437349;2,188471964;0,760365611;257086351,804392;9,49877230224838;0,58859591853501;2020;2030;"Non-Annex I";"assinado e ratificado";1998;2002;"assinado e ratificado";2016;2016;2015;2021;NA;"Relative emission reduction";NA;NA;"0.26400000000000001";"BAU";"2030";"Economy-wide";"0.60399999999999998"
"131";"Chad";"TCD";"Sub-Saharan Africa";2019;"TCD-2019";16,126866;12,807;100,782;3,129;4,157368099;4,280250584;11,314951343;-0,098958561;84,29290771;566638947,9523;0,138207848061037;0,19698356433566;2021;2030;"Non-Annex I";"ratificado";NA;2009;"assinado e ratificado";2016;2017;2015;2021;NA;"Absolute emission reduction";"5.0000000000000001E-3";"0.193";"n.a.";"2018";"2030";"Economy-wide";"11.285"
"132";"Togo";"TGO";"Sub-Saharan Africa";2019;"TGO-2019";8,243094;151,555;100,998;2,406;1,665137367;2,260740966;7,220395248;2,947040912;7,932191681;345697546,971432;0,257024915581128;0,293429994717278;2020;2030;"Non-Annex I";"ratificado";NA;2004;"assinado e ratificado";2016;2017;2015;2021;NA;"Relative emission reduction";"0.2051";"0.30059999999999998";"n.a.";"BAU";"2030";"Economy-wide";"5.4"
"133";"Thailand";"THA";"Asia";2019;"THA-2019";71,307763;139,576;94,913;0,229;323,769;272,917;544,081;1,893853697;432,151273;5518708214,48255;3,94677195969252;0,517267611838678;2021;2030;"Non-Annex I";"assinado e ratificado";1999;2002;"assinado e ratificado";2016;2016;2015;2020;NA;"Relative emission reduction";"0.2";"0.25";"n.a.";"BAU";"2030";"Economy-wide";NA
"134";"Tajikistan";"TJK";"Eastern Europe & Central Asia";2019;"TJK-2019";9,337003;65,248;101,224;2,267;1,243452531;3,408723663;8,300784857;4,998074038;17,41613084;212809730,699297;1,03727401349176;1,16676082354156;2021;2030;"Non-Annex I";"ratificado";NA;2008;"assinado e ratificado";2016;2017;2015;2021;NA;"Absolute emission reduction";"30 -40%";"40-50%";"n.a.";"1990";"2030";"Economy-wide";NA
"135";"Tonga";"TON";"Oceania";2019;"TON-2019";0,104951;161,462;98,182;-0,148;0,1125084731;0,3338289537;0,512057749;0,897435309;0,310508827;1742414,09548773;1,54486897788225;0,316635270952066;2021;2030;"Non-Annex I";"ratificado";NA;2008;"assinado e ratificado";2016;2016;2015;2016;2020;"Absolute emission reduction";NA;NA;"13% (Energy sector)";"2006";"2030";"Economy-wide";NA
"136";"Tunisia";"TUN";"North Africa & the Middle East";2019;"TUN-2019";12,049314;77,522;97,965;0,945;19,255997819;23,627624046;41,906113686;0,523944041;42,60015085;810173457,680643;2,49690666847731;0,717938501828389;2015;2030;"Non-Annex I";"ratificado";NA;2003;"assinado e ratificado";2016;2017;2015;2021;NA;"Carbon intensity reduction";NA;"0.45";"0.27";"2010";"2030";"Economy-wide";"18.623000000000001"
"137";"Turkey";"TUR";"North Africa & the Middle East";2019;"TUR-2019";83,481684;108,474;100,606;0,791;247,186;229,209;759,937;-0,028123353;491,454856;9,549e+09;4,99463750638188;0,548678048314952;NA;NA;"Annex I";"ratificado";NA;2009;"assinado e ratificado";2016;2021;2015;2021;NA;"Relative emission reduction";NA;NA;"0.21";"BAU";"2030";"Economy-wide";NA
"138";"Tanzania";"TZA";"Sub-Saharan Africa";2019;"TZA-2019";59,872579;67,591;97,54;3,005;9,786707522;10,363469627;61,136873692;2,656322122;86,30775174;1217235252,41974;0,225132587220671;0,220476903705461;NA;2030;"Non-Annex I";"ratificado";NA;2002;"assinado e ratificado";2016;2018;2015;2021;NA;"Relative emission reduction";"30-35%";NA;"n.a.";"BAU";"2030";"Economy-wide";"19.2"
"139";"Uganda";"UGA";"Sub-Saharan Africa";2019;"UGA-2019";42,94908;214,953;97,854;3,431;6,048575655;7,86676162;35,353060634;2,885708923;38,18542024;1273609176,97896;0,165914948650977;0,201563719661475;2021;2030;"Non-Annex I";"ratificado";NA;2002;"assinado e ratificado";2016;2016;2015;2022;NA;"Relative emission reduction";"5.8999999999999997E-2";"0.247";"n.a.";"BAU";"2030";"Economy-wide";"23.9"
"140";"Ukraine";"UKR";"Eastern Europe & Central Asia";2019;"UKR-2019";44,211094;76,315;86,306;-0,545;63,44855604;75,832830346;153,883;3,793723912;236,0946283;5,796e+09;4,51429206971761;1,29697101718669;2021;2030;"Annex I";"assinado e ratificado";1999;2004;"assinado e ratificado";2016;2016;2015;2021;NA;"Absolute emission reduction";"0.65";NA;"n.a.";"1990";"2030";"Economy-wide";NA
"141";"Uruguay";"URY";"Latin America & the Caribbean";2019;"URY-2019";3,428409;19,795;93,776;-0,008;16,991760618;13,383202587;61,231149881;0,310434698;36,56093778;1469761178,68104;1,94741465710862;0,109038192980838;NA;NA;"Non-Annex I";"assinado e ratificado";1998;2001;"assinado e ratificado";2016;2016;2015;2017;NA;"Carbon intensity reduction";"0.24";"0.28999999999999998";"carbon intensity of CO2";"1990";"2025";"Economy-wide";NA
"142";"United States";"USA";"Northern America";2019;"USA-2019";334,319671;36,547;98,267;0,639;2540;3120;21381;1,829668388;6039,739492;3,14744e+11;14,9889462568447;0,234371618784201;NA;2030;"Annex I and II";"assinado";1998;NA;"assinado e ratificado";2016;2016;2015;2021;NA;"Absolute emission reduction";"50-52%";NA;"n.a.";"2005";"2030";"Economy-wide";NA
"143";"Uzbekistan";"UZB";"Eastern Europe & Central Asia";2019;"UZB-2019";32,976948;77,52;100,083;1,616;17,026594789;26,62051113;59,907674027;3,744517567;190,2089017;2316482962,28621;3,72278761429014;2,04925621909741;2020;2030;"Non-Annex I";"assinado e ratificado";1998;1999;"assinado e ratificado";2017;2018;2017;2021;NA;"Carbon intensity reduction";"0.35";NA;"emissão por GPD";"2010";"2030";"Economy-wide";NA
"144";"Vietnam";"VNM";"Asia";2019;"VNM-2019";95,776716;305,597;97,525;0,891;284,737;265,976;334,365;6,392604079;454,8896818;1,612e+10;3,48214131269139;0,997437110874374;2021;2030;"Non-Annex I";"assinado e ratificado";1998;2002;"assinado e ratificado";2016;2016;2015;2020;NA;"Relative emission reduction";"0.09";"0.27";"n.a.";"BAU";"2025, 2030";"Economy-wide";NA
"145";"Vanuatu";"VUT";"Oceania";2019;"VUT-2019";0,304404;24,972;101,252;2,344;0,4714967424;0,4592508661;0,9365262676;0,831127737;0,642597571;37113030,3477385;0,703133388711876;0,228543099603552;2021;2030;"Non-Annex I";"ratificado";NA;2001;"assinado e ratificado";2016;2016;2015;2021;NA;"Absolute emission reduction";NA;NA;"sectorial targets";"2010";"2030";"Economy-wide";"1.03"
"146";"South Africa";"ZAF";"Sub-Saharan Africa";2019;"ZAF-2019";58,087055;47,581;94,407;1,305;106,059;103,961;388,532;-0,987175237;555,4092845;5116098443,48715;8,10029216250058;1,21102538879485;2021;2030;"Non-Annex I";"ratificado";NA;2002;"assinado e ratificado";2016;2016;2015;2021;NA;"Peak of carbon emissions";NA;NA;"total emissions of 398-510 Mt CO2-eq in 2025, 350-420 Mt CO2-eq in 2030";NA;"2030";"Economy-wide";NA
"147";"Zambia";"ZMB";"Sub-Saharan Africa";2019;"ZMB-2019";18,380477;24,725;97,341;2,986;8,073235066;7,961078355;23,308667781;-1,564236877;36,60965068;547967909,612402;0,385447633798541;0,303951793139957;2015;2030;"Non-Annex I";"assinado e ratificado";1998;2006;"assinado e ratificado";2016;2016;2015;2021;NA;"Relative emission reduction";"0.25";"0.47";"n.a.";"BAU";"2030";"Economy-wide";"35"
"148";"Zimbabwe";"ZWE";"Sub-Saharan Africa";2019;"ZWE-2019";15,354608;39,691;89,035;1,962;5,930390157;5,572483876;21,832234926;-8,177320352;28,69716047;249500000;0,787269738249977;0,553686705097477;2021;2030;"Non-Annex I";"ratificado";NA;2009;"assinado e ratificado";2016;2017;2015;2021;NA;"Carbon intensity reduction";"0.4";NA;"GHG per capita";"BAU";"2030";"Economy-wide";"4.8339999999999996"
